201.57075471698113,684.5707547169811,212,1.0,212.0
288.0899470899471,269.65608465608466,189,0.984313725490196,186.03529411764706
196.0,477.7171717171717,99,1.0,99.0
226.2,483.82105263157894,95,0.8431372549019608,80.09803921568627
391.0,405.7684210526316,95,0.8196078431372549,77.86274509803921
43.08108108108108,575.5945945945946,74,0.8392156862745098,62.101960784313725
257.8484848484849,485.93939393939394,66,0.8549019607843137,56.423529411764704
544.4193548387096,533.4516129032259,31,1.0,31.0
407.7857142857143,308.5,28,1.0,28.0
517.3684210526316,550.7894736842105,19,0.8196078431372549,15.572549019607843
295.7142857142857,205.5,14,0.9568627450980393,13.39607843137255
359.5,103.5,12,0.8431372549019608,10.117647058823529
500.2,67.5,10,1.0,10.0
571.5,498.2,10,0.8666666666666667,8.666666666666668
426.0,586.0,9,0.9372549019607843,8.435294117647059
333.5,94.8,10,0.8274509803921568,8.274509803921568
573.2857142857143,461.0,7,0.8941176470588236,6.258823529411765
459.5,593.5,4,0.9490196078431372,3.796078431372549
456.5,41.5,4,0.8588235294117647,3.4352941176470586
L
5,6
2,8,10
1,3,5
2,6
6,7,8
0,2
0,3,4
4,9,13
1,4
7,17
1,11,15
10,12,15
11
7,16
17
10,11,18
13
9,14
15