40.63247863247863,534.3675213675214,117.0,0.8823529411764706,103.23529411764706
322.07142857142856,560.1904761904761,42.0,1.0,42.0
309.42857142857144,455.77142857142854,35.0,1.0,35.0
372.5,35.5,32.0,1.0,32.0
502.65384615384613,429.65384615384613,26.0,0.9607843137254902,24.980392156862745
485.90909090909093,254.9090909090909,22.0,1.0,22.0
222.3913043478261,205.04347826086956,23.0,0.9372549019607843,21.55686274509804
312.0,85.0,21.0,1.0,21.0
331.8,685.5,20.0,1.0,20.0
359.72222222222223,255.88888888888889,18.0,1.0,18.0
234.6,104.6,15.0,0.9882352941176471,14.823529411764707
L
2,8
2,8
0,1,4,9
7
2,5
4,9
7,9,10
3,6,10
0,1
2,5,6
6,7