403.87735849056605,99.95283018867924,106.0,1.0,106.0
332.27710843373495,309.0722891566265,83.0,1.0,83.0
25.066666666666666,338.55555555555554,45.0,1.0,45.0
512.7954545454545,72.88636363636364,44.0,1.0,44.0
145.0,184.0,45.0,0.9607843137254902,43.23529411764706
317.0,91.2439024390244,41.0,0.9490196078431372,38.909803921568624
314.6774193548387,357.9032258064516,31.0,0.9372549019607843,29.054901960784314
68.96,364.6,25.0,1.0,25.0
584.25,51.75,20.0,0.984313725490196,19.68627450980392
364.2857142857143,405.5,14.0,1.0,14.0
71.6,253.4,15.0,0.8705882352941177,13.058823529411764
L
1,3,5
0,6
7,10
0,8
5,10
0,4
1,9
2
3
6
2,4