203.22535211267606,329.51408450704224,142.0,0.9490196078431372,134.76078431372548
188.29850746268656,33.791044776119406,67.0,0.8666666666666667,58.06666666666667
250.9,332.3,60.0,0.7764705882352941,46.588235294117645
218.68,356.44,25.0,1.0,25.0
62.21739130434783,97.08695652173913,23.0,0.8352941176470589,19.211764705882352
434.625,338.25,16.0,1.0,16.0
277.3529411764706,476.0,17.0,0.9215686274509803,15.666666666666666
254.5,311.2857142857143,14.0,1.0,14.0
255.3846153846154,348.38461538461536,13.0,1.0,13.0
245.33333333333334,383.25,12.0,1.0,12.0
369.5,616.5,12.0,1.0,12.0
252.5,225.0,6.0,0.8941176470588236,5.364705882352942
L
3,4,7
11
7,8
0,9
0
8
9,10
0,2,11
2,5,9
3,6,8
6
1,7