655.8386308068459,364.0488997555012,409,1.0,409.0
566.9392523364486,503.39252336448595,214,1.0,214.0
598.9045226130653,117.53768844221105,199,1.0,199.0
385.76582278481015,46.563291139240505,158,1.0,158.0
314.5845070422535,667.887323943662,142,1.0,142.0
654.1854838709677,544.5,124,1.0,124.0
481.45217391304345,612.6173913043478,115,1.0,115.0
79.89247311827957,521.1075268817204,93,1.0,93.0
163.43636363636364,120.03636363636363,55,1.0,55.0
368.0,463.0,45,1.0,45.0
742.375,553.75,32,1.0,32.0
424.8888888888889,16.51851851851852,27,1.0,27.0
418.5,187.0,26,1.0,26.0
156.0,223.5,26,1.0,26.0
231.25,154.75,20,1.0,20.0
81.4,136.6,15,1.0,15.0
295.5,112.28571428571429,14,1.0,14.0
138.92307692307693,518.6923076923077,13,1.0,13.0
661.3846153846154,640.3846153846154,13,1.0,13.0
361.5,430.5,12,1.0,12.0
39.583333333333336,657.4166666666666,12,1.0,12.0
243.8181818181818,183.1818181818182,11,1.0,11.0
213.1818181818182,396.8181818181818,11,1.0,11.0
735.8,111.0,10,1.0,10.0
109.8,476.0,10,1.0,10.0
633.2,636.5,10,1.0,10.0
600.6666666666666,95.83333333333333,12,0.807843137254902,9.694117647058825
638.1538461538462,341.7692307692308,13,0.7450980392156863,9.686274509803923
680.0,160.0,9,1.0,9.0
397.8888888888889,193.66666666666666,9,1.0,9.0
366.1111111111111,240.66666666666666,9,1.0,9.0
713.0,253.0,9,1.0,9.0
646.0833333333334,338.9166666666667,12,0.7450980392156863,8.941176470588236
240.125,287.875,8,1.0,8.0
185.5,464.0,8,1.0,8.0
4.0,581.5,8,1.0,8.0
500.0,688.5,8,1.0,8.0
596.0909090909091,97.63636363636364,11,0.7215686274509804,7.9372549019607845
657.0,243.28571428571428,7,1.0,7.0
286.0,484.2857142857143,7,1.0,7.0
141.0,574.7142857142857,7,1.0,7.0
72.0,363.2857142857143,7,0.996078431372549,6.972549019607843
454.1666666666667,114.83333333333333,6,1.0,6.0
729.0,218.5,6,1.0,6.0
398.1666666666667,396.1666666666667,6,1.0,6.0
217.5,443.0,6,1.0,6.0
265.0,466.5,6,1.0,6.0
445.1666666666667,504.8333333333333,6,1.0,6.0
326.5,636.0,6,1.0,6.0
654.875,339.625,8,0.7490196078431373,5.992156862745098
651.0,341.0,7,0.7607843137254902,5.325490196078431
662.8571428571429,339.14285714285717,7,0.7568627450980392,5.298039215686274
565.2857142857143,486.2857142857143,7,0.7254901960784313,5.078431372549019
654.6,486.8,5,1.0,5.0
249.4,541.2,5,1.0,5.0
633.0,605.0,5,1.0,5.0
249.0,623.0,5,1.0,5.0
400.0,695.0,5,1.0,5.0
479.25,592.5,20,0.23529411764705882,4.705882352941177
683.0,341.5,6,0.7490196078431373,4.4941176470588236
279.5,110.5,4,1.0,4.0
725.5,206.5,4,1.0,4.0
33.5,263.5,4,1.0,4.0
706.5,264.5,4,1.0,4.0
530.5,275.5,4,1.0,4.0
665.5,275.5,4,1.0,4.0
345.5,294.5,4,1.0,4.0
113.5,323.5,4,1.0,4.0
677.5,368.5,4,1.0,4.0
477.5,378.5,4,1.0,4.0
678.0,477.75,4,1.0,4.0
272.5,499.5,4,1.0,4.0
323.0,546.75,4,1.0,4.0
111.5,600.5,4,1.0,4.0
113.5,610.5,4,1.0,4.0
468.5,611.5,4,1.0,4.0
582.5,638.5,4,1.0,4.0
519.5,651.5,4,1.0,4.0
373.5,661.5,4,1.0,4.0
246.5,697.5,4,1.0,4.0
520.5,696.5,4,0.996078431372549,3.984313725490196
461.5,627.5,4,0.9921568627450981,3.9686274509803923
72.5,254.5,4,0.9725490196078431,3.8901960784313725
643.5,351.5,4,0.9686274509803922,3.8745098039215686
79.5,458.5,4,0.9490196078431372,3.796078431372549
159.5,332.5,4,0.8745098039215686,3.4980392156862745
358.5,372.5,4,0.8431372549019608,3.372549019607843
670.0,340.5,4,0.7568627450980392,3.0274509803921568
536.5,66.5,4,0.7529411764705882,3.011764705882353
634.3333333333334,76.33333333333333,3,1.0,3.0
320.0,703.0,3,0.996078431372549,2.988235294117647
660.5,570.5,4,0.7372549019607844,2.9490196078431374
275.3333333333333,141.66666666666666,3,0.9686274509803922,2.9058823529411764
302.3333333333333,681.6666666666666,3,0.9647058823529412,2.8941176470588235
310.4,649.0,5,0.5725490196078431,2.8627450980392153
442.6666666666667,99.33333333333333,3,0.9411764705882353,2.8235294117647056
533.3333333333334,467.6666666666667,3,0.9411764705882353,2.8235294117647056
726.3333333333334,475.3333333333333,3,0.9372549019607843,2.8117647058823527
140.66666666666666,216.33333333333334,3,0.8705882352941177,2.611764705882353
90.66666666666667,224.33333333333334,3,0.8274509803921568,2.4823529411764707
289.3333333333333,477.3333333333333,3,0.8274509803921568,2.4823529411764707
502.3333333333333,601.6666666666666,3,0.8196078431372549,2.458823529411765
496.3333333333333,107.33333333333333,3,0.8117647058823529,2.435294117647059
367.3333333333333,253.66666666666666,3,0.7803921568627451,2.3411764705882354
641.3333333333334,130.33333333333334,3,0.7764705882352941,2.3294117647058825
627.6666666666666,335.3333333333333,3,0.7450980392156863,2.235294117647059
384.6666666666667,630.3333333333334,3,0.7450980392156863,2.235294117647059
191.66666666666666,62.333333333333336,3,0.7098039215686275,2.1294117647058823
367.0,283.5,2,1.0,2.0
323.6666666666667,25.666666666666668,3,0.6549019607843137,1.9647058823529413
14.0,401.5,2,0.9529411764705882,1.9058823529411764
627.1428571428571,340.85714285714283,7,0.27058823529411763,1.8941176470588235
41.666666666666664,516.6666666666666,3,0.6313725490196078,1.8941176470588235
111.0,519.5,2,0.9333333333333333,1.8666666666666667
330.5,382.0,2,0.9215686274509803,1.8431372549019607
505.5,642.0,2,0.9176470588235294,1.8352941176470587
409.0,291.5,2,0.9098039215686274,1.8196078431372549
653.0,660.5,2,0.8431372549019608,1.6862745098039216
293.5,195.0,2,0.8392156862745098,1.6784313725490196
628.0,291.5,2,0.8352941176470589,1.6705882352941177
29.5,77.0,2,0.8313725490196079,1.6627450980392158
117.66666666666667,167.66666666666666,3,0.5411764705882353,1.6235294117647059
202.0,33.5,2,0.807843137254902,1.615686274509804
138.0,38.5,2,0.7764705882352941,1.5529411764705883
78.0,163.5,2,0.7764705882352941,1.5529411764705883
312.5,652.0,2,0.7764705882352941,1.5529411764705883
668.0,352.5,2,0.7686274509803922,1.5372549019607844
690.5,266.0,2,0.7647058823529411,1.5294117647058822
657.5,344.0,2,0.7647058823529411,1.5294117647058822
531.5,372.0,2,0.7607843137254902,1.5215686274509803
621.0,328.5,2,0.7568627450980392,1.5137254901960784
643.0,342.5,2,0.7490196078431373,1.4980392156862745
659.0,339.5,2,0.7450980392156863,1.4901960784313726
312.5,645.0,2,0.7450980392156863,1.4901960784313726
643.0,338.5,2,0.7411764705882353,1.4823529411764707
703.5,438.0,2,0.7411764705882353,1.4823529411764707
154.5,602.0,2,0.7333333333333333,1.4666666666666666
22.0,174.5,2,0.7294117647058823,1.4588235294117646
631.0,343.5,2,0.7294117647058823,1.4588235294117646
567.0,481.5,2,0.7254901960784313,1.4509803921568627
508.0,188.5,2,0.7176470588235294,1.4352941176470588
680.5,337.0,2,0.7176470588235294,1.4352941176470588
564.0,482.5,2,0.7176470588235294,1.4352941176470588
352.0,545.5,2,0.7176470588235294,1.4352941176470588
690.5,2.0,2,0.7137254901960784,1.427450980392157
45.0,215.5,2,0.7098039215686275,1.419607843137255
664.5,344.0,2,0.7058823529411765,1.411764705882353
626.0,337.5,2,0.7019607843137254,1.4039215686274509
369.6666666666667,207.66666666666666,3,0.4627450980392157,1.388235294117647
430.6666666666667,274.6666666666667,3,0.42745098039215684,1.2823529411764705
457.6666666666667,61.666666666666664,3,0.2901960784313726,0.8705882352941177
481.0,587.0,1,0.792156862745098,0.792156862745098
597.0,91.0,1,0.7803921568627451,0.7803921568627451
254.66666666666666,22.666666666666668,3,0.2549019607843137,0.7647058823529411
673.0,344.0,1,0.7568627450980392,0.7568627450980392
641.0,344.0,1,0.7529411764705882,0.7529411764705882
680.0,344.0,1,0.7490196078431373,0.7490196078431373
563.0,480.0,1,0.7490196078431373,0.7490196078431373
624.0,343.0,1,0.7450980392156863,0.7450980392156863
649.0,337.0,1,0.7411764705882353,0.7411764705882353
629.0,338.0,1,0.7411764705882353,0.7411764705882353
678.0,342.0,1,0.7372549019607844,0.7372549019607844
667.0,343.0,1,0.7333333333333333,0.7333333333333333
315.0,651.0,1,0.7333333333333333,0.7333333333333333
675.0,343.0,1,0.7294117647058823,0.7294117647058823
641.0,337.0,1,0.7254901960784313,0.7254901960784313
673.0,337.0,1,0.7176470588235294,0.7176470588235294
80.0,506.0,1,0.7137254901960784,0.7137254901960784
568.0,479.0,1,0.7098039215686275,0.7098039215686275
403.0,535.0,1,0.7019607843137254,0.7019607843137254
